{
  "method": "reference_plane_homography",
  "cal_time": "2021-08-20T14:34:56-07:00",
  "sw_version": "prototype",
  "data": {
    "reference_plane_z_mm": 4000,
    "left": {
      "distortion": {
        "scale": 2048,
        "center": [
          1062.516,
          1089.128
        ],
        "radial_coeffs": [
          0.07,
          0.11,
          -0.014,
          0.044,
          -0.045,
          0.013
        ]
      },
      "homography": [
        [
          1.5543082315066064,
          -0.003995891787094517,
          -1569.172708800184
        ],
        [
          -0.008598245167938688,
          -1.5537212792563333,
          1617.4951161992915
        ],
        [
          -9.056290866044306e-06,
          -3.7497324587708932e-06,
          1.0
        ]
      ],
      "camera_origin_mm": [
        -157.5,
        0,
        0
      ]
    },
    "right": {
      "distortion": {
        "scale": 2048,
        "center": [
          1088.03,
          1067.596
        ],
        "radial_coeffs": [
          0.062,
          0.127,
          -0.029,
          0.069,
          -0.137,
          -0.023
        ]
      },
      "homography": [
        [
          1.5857983718720763,
          -0.004444532255278196,
          -1611.7142004831735
        ],
        [
          -0.010472869534980212,
          -1.5825489301622524,
          1596.8015898925407
        ],
        [
          1.6034713279454245e-05,
          -3.049978714346211e-06,
          1.0
        ]
      ],
      "camera_origin_mm": [
        157.5,
        0,
        0
      ]
    }
  }
}